audit_id,review,review_processed,text_sentiment,source_file,review_rating,human_sentiment,reviewer_notes
1,i like this app 👌 it delivered very fast and good foods,i like this app ok hand it delivered very fast and good foods,positive,foodpanda_reviews.csv,5,,
2,The apps is perfect.,the apps is perfect,positive,grab_reviews.csv,5,,
3,Delivery and communication,delivery and communication,neutral,foodpanda_reviews.csv,2,,
4,"Misbehaving riders, bad service",misbehaving riders bad service,negative,foodpanda_reviews.csv,1,,
5,This is an amazing app And no danger I am very happy to use this app!,this is an amazing app and no NOT_danger NOT_i NOT_am NOT_very happy to use this app,positive,foodpanda_reviews.csv,5,,
6,They are good and friendly,they are good and friendly,positive,grab_reviews.csv,5,,
7,Food at Door,food at door,neutral,foodpanda_reviews.csv,5,,
8,Sangat membantu mobilitas sehari-hari. Sukses terus Grab 👏,sangat membantu mobilitas sehari hari sukses terus grab clapping hands,neutral,grab_reviews.csv,5,,
9,"Unable to open app. Message shows ""permission denied"" anyone else facing the same issue?",unable to open app message shows permission denied anyone else facing the same issue,negative,grab_reviews.csv,1,,
10,Walang coke nung nakaraang order ko buset,walang coke nung nakaraang order ko buset,neutral,foodpanda_reviews.csv,1,,
11,Best app to use in South East Asia e.g. Malaysia and Singapore,excellent app to use in south east asia e g malaysia and singapore,positive,grab_reviews.csv,5,,
12,Bad services and always give fake promotion code.,bad services and always give fake promotion code,negative,foodpanda_reviews.csv,1,,
13,This app is easy to use. Great app 👍,this app is easy to use great app good,positive,grab_reviews.csv,5,,
14,All are temporary unavailable😞😞😡,all are temporary unavailable disappointed face disappointed face angry,negative,foodpanda_reviews.csv,1,,
15,Fantastis,fantastis,neutral,grab_reviews.csv,5,,
16,Thanks panda..,thanks panda,positive,foodpanda_reviews.csv,5,,
17,An amazing and addictive app to find the best deals possible. Good UI and easy to use,an amazing and addictive app to find the excellent deals possible good ui and easy to use,positive,foodpanda_reviews.csv,5,,
18,After using this allocation life going easy,after using this allocation life going easy,positive,grab_reviews.csv,5,,
19,Keeps updating and I dont see any changes.,keeps updating and i do not NOT_see NOT_any NOT_changes,neutral,foodpanda_reviews.csv,1,,
20,"Secara umum ok, tapi tolong dong diberitahu all driver yg ngerokok jangan merokok di dalam mobil sebelum ambil orderan, penumpang jadi dipaksa menghirup asap/bau rokoknya :-(",secara umum ok but tolong dong diberitahu all driver yg ngerokok jangan merokok di dalam mobil sebelum ambil orderan penumpang jadi dipaksa menghirup asap bau rokoknya CONTRAST_FOCUS tolong dong diberitahu all driver yg ngerokok jangan merokok di dalam mobil sebelum ambil orderan penumpang jadi dipaksa menghirup asap bau rokoknya CONTRAST_FOCUS tolong dong diberitahu all driver yg ngerokok jangan merokok di dalam mobil sebelum ambil orderan penumpang jadi dipaksa menghirup asap bau rokoknya,neutral,grab_reviews.csv,3,,
21,"Constantly lose my login. Ordered food, waited for 50 minutes (I was very hundred), then they canceled order. Had to go to cafe to take some food... Ordered some things from grocery store, they didn't receive several positions( Very bad experience",constantly lose my login ordered food waited for 50 minutes i was very hundred then they canceled order had to go to cafe to take some food ordered some things from grocery store they did not NOT_receive NOT_several NOT_positions NOT_very bad experience,negative,foodpanda_reviews.csv,1,,
22,Dam kom hole aro vlo hoto 😑😑,dam kom hole aro vlo hoto expressionless face expressionless face,neutral,foodpanda_reviews.csv,4,,
23,"Used to love it. But now, it won't load and won't connect to any internet connection. It keeps on saying ""No connection. Check internet connection."" Even though I have excellent internet connection.",used to love it but now it will not NOT_load NOT_and NOT_will not NOT_connect NOT_to NOT_any NOT_internet connection it keeps on saying no NOT_connection check internet connection even though i have excellent not NOT_internet NOT_connection CONTRAST_FOCUS now it will not NOT_load NOT_and NOT_will not NOT_connect NOT_to NOT_any NOT_internet connection it keeps on saying no NOT_connection check internet connection even though i have excellent not NOT_internet NOT_connection CONTRAST_FOCUS now it will not NOT_load NOT_and NOT_will not NOT_connect NOT_to NOT_any NOT_internet connection it keeps on saying no NOT_connection check internet connection even though i have excellent not NOT_internet NOT_connection,positive,grab_reviews.csv,1,,
24,"tadinya jadi aplikasi favorite banget, eh makin kesini tarif naik, promo makin sedikit dan susah, paket combo juga makin dikikis potongannya, jadi amat sangat tidak menghemat sekarang, jadi bukan aplikasi yg sangat membantu penumpang lagi, saya pribadi sebagai penumpang setia kalo bisa si dikembalikan lagi seperti sebelumnya yang sangat membantu penumpang, terima kasih",tadinya jadi aplikasi favorite banget makin kesini tarif naik promo makin sedikit dan susah paket combo juga makin dikikis potongannya jadi amat sangat not NOT_menghemat NOT_sekarang jadi not NOT_aplikasi NOT_yg NOT_sangat NOT_membantu penumpang lagi saya pribadi sebagai penumpang setia kalo bisa si dikembalikan lagi seperti sebelumnya yang sangat membantu penumpang terima kasih,positive,grab_reviews.csv,3,,
25,Thard class type food,thard class type food,neutral,foodpanda_reviews.csv,1,,
26,Grab Is A Thieves I Just want to change my reward from GrabExpress to GrabFood And they said that they cant do it because i already redeemed it And the resolution is just to leave my money to their Company. I will Never ever do any transaction to this Company. Dont Download Grab. They cant help you if you have a problem they only want money from us. 😡🖕,grab is a thieves i just wa not NOT_to NOT_change NOT_my NOT_reward from grabexpress to grabfood and they said that they ca not NOT_do NOT_it NOT_because NOT_i already redeemed it and the resolution is just to leave my money to their company i will never NOT_ever NOT_do NOT_any NOT_transaction to this company do not NOT_download NOT_grab they ca not NOT_help NOT_you NOT_if NOT_you have a problem they only wa not NOT_money NOT_from NOT_us angry middle finger,negative,grab_reviews.csv,1,,
27,This is so good you take your favourite food delevire free plz order food on thos app,this is so good you take your favourite food delevire free plz order food on thos app,positive,foodpanda_reviews.csv,5,,
28,"Simple, quick and effective.",simple quick and effective,positive,foodpanda_reviews.csv,5,,
29,Dan Mitra Driver juga senang.,dan mitra driver juga senang,neutral,grab_reviews.csv,5,,
30,This is good for Service,this is good for service,positive,foodpanda_reviews.csv,4,,
31,Grab charged me for a cancelled food Dominos and One one Pizza place and i messages Grab about this and no response from them. Being a Platinum user i dont get anything special or not even an apology note was sent to me. I am still disappointed ☹️,grab charged me for a cancelled food dominos and one one pizza place and i messages grab about this and no NOT_response NOT_from NOT_them being a platinum user i do not NOT_get NOT_anything NOT_special NOT_or not NOT_even NOT_an NOT_apology NOT_note was se not NOT_to NOT_me i am still disappointed frowning face,negative,grab_reviews.csv,3,,
32,convenience at it's finest,convenience at it is finest,neutral,foodpanda_reviews.csv,5,,
33,Stupid app and now i cant make order and always no connection,stupid app and now i ca not NOT_make NOT_order NOT_and NOT_always no NOT_connection,negative,foodpanda_reviews.csv,1,,
34,"Very bad app as it doesn't provide true discounts, just claims to give discounts.",very bad app as it does not NOT_provide NOT_true NOT_discounts just claims to give discounts,negative,foodpanda_reviews.csv,1,,
35,Happy every meal,happy every meal,positive,foodpanda_reviews.csv,5,,
36,Mganda at maayos yung iba lng n driver ang hindi pero maayos ang pkkitungo ng mga driver at mbilis. Salamat.,mganda at maayos yung iba lng n driver ang hindi pero maayos ang pkkitungo ng mga driver at mbilis salamat,neutral,grab_reviews.csv,5,,
37,"Although its good to use but if you got the wrong food than there is nothing you can do, no helpline nothing juat creepy stereotype question...",although its good to use but if you got the wrong food than there is nothing you can do no NOT_helpline NOT_nothing NOT_juat NOT_creepy stereotype question CONTRAST_FOCUS if you got the wrong food than there is nothing you can do no NOT_helpline NOT_nothing NOT_juat NOT_creepy stereotype question CONTRAST_FOCUS if you got the wrong food than there is nothing you can do no NOT_helpline NOT_nothing NOT_juat NOT_creepy stereotype question,negative,foodpanda_reviews.csv,3,,
38,Other than brands food quality is below average. Highly disappointed. Not going to order again,other than brands food quality is below average highly disappointed not NOT_going NOT_to NOT_order NOT_again,negative,foodpanda_reviews.csv,1,,
39,Stupid app. Can't even place order. Waste of time.,stupid app cannot NOT_even NOT_place NOT_order waste of time,negative,foodpanda_reviews.csv,1,,
40,"Terrible app. Very difficult to get registered and once I finally am, the app keeps crashing and does not work! Very frustrating!",terrible app very difficult to get registered and once i finally am the app keeps crashing and broken very frustrating,negative,grab_reviews.csv,1,,
41,pathetic App.. No customer care reponse and even when they response they make excuses..I lost my money and time.in short completely pathatic,pathetic app no NOT_customer NOT_care NOT_reponse NOT_and even when they response they make excuses i lost my money and time in short completely pathatic,negative,foodpanda_reviews.csv,1,,
42,"Worst, they don't refund your money when you pay with panda pay as they promise 5 business days. WORST APP",worst they do not NOT_refund NOT_your NOT_money NOT_when you pay with panda pay as they promise 5 business days worst app,negative,foodpanda_reviews.csv,1,,
43,yup great app until now,yup great app until now,positive,foodpanda_reviews.csv,5,,
44,App is not working. Allow you to cash in but can't use the money that you cash in because the app is not recognizing the photo you are uploading. Can cash in but can't use your hard earned money. This is criminal!,app is broken allow you to cash in but unusable the money that you cash in because the app is not NOT_recognizing NOT_the NOT_photo NOT_you are uploading can cash in but unusable your hard earned money this is criminal CONTRAST_FOCUS unusable your hard earned money this is criminal CONTRAST_FOCUS unusable your hard earned money this is criminal,negative,grab_reviews.csv,1,,
45,Order kuch karo milta kuch ha .or oder ma jo chez huti ha wo bahjty hi nahi.😡😡,order kuch karo milta kuch ha or oder ma jo chez huti ha wo bahjty hi nahi angry angry,negative,foodpanda_reviews.csv,1,,
46,Going Worst day by day by increasing delivery charges,going worst day by day by increasing delivery charges,negative,foodpanda_reviews.csv,1,,
47,Easy to use and helpful when needed. All the driver easy to find,easy to use and helpful when needed all the driver easy to find,positive,grab_reviews.csv,5,,
48,easy to use. splendid !,easy to use splendid,positive,foodpanda_reviews.csv,5,,
49,"Waited for four hours then told me they could not find a driver,",waited for four hours then told me they could not NOT_find NOT_a NOT_driver,neutral,grab_reviews.csv,1,,
50,Good application and help.us in transportation,good application and help us in transportation,positive,grab_reviews.csv,5,,
51,Cant use grab app after update.. Cant log in,ca not NOT_use NOT_grab NOT_app NOT_after update ca not NOT_log NOT_in,neutral,grab_reviews.csv,5,,
52,Nakakainis taga taguig ako pero pembo lumalabas kahit anong refresh ayaw parin gumana gagalit ata saken yung driver e,nakakainis taga taguig ako pero pembo lumalabas kahit anong refresh ayaw parin gumana gagalit ata saken yung driver e,neutral,foodpanda_reviews.csv,3,,
53,This app is getting better and more,this app is getting better and more,positive,grab_reviews.csv,5,,
54,Find a restaurant is annoying. I had to go back from the search menu instead going back from the list. Worst UI ever,find a restaura not NOT_is NOT_annoying i had to go back from the search menu instead going back from the list worst ui ever,negative,foodpanda_reviews.csv,1,,
55,Grab mantaaap,grab excellent,positive,grab_reviews.csv,5,,
56,"Accurate GPS and make me easy for my trip around Jakarta, thank you Grab",accurate gps and make me easy for my trip around jakarta thank you grab,positive,grab_reviews.csv,5,,
57,Rating system is flawed. Customer service is worst. Did not receive my order and rider marked it delivered.,rating system is flawed customer service is worst did not NOT_receive NOT_my NOT_order NOT_and rider marked it delivered,negative,foodpanda_reviews.csv,1,,
58,"Paid for an item thru gcash,i wasnt able to answer my phone because im at the middle of presenting a report for my work,they cancelled with no refunds",paid for an item thru gcash i was not NOT_able NOT_to NOT_answer NOT_my phone because im at the middle of presenting a report for my work they cancelled with no NOT_refunds,negative,foodpanda_reviews.csv,1,,
59,experience is something you can eat phyisically. what a shame..,experience is something you can eat phyisically what a shame,neutral,grab_reviews.csv,5,,
60,"Untuk grab food kenapa hrs ada order gabungan y ? Hr ini ank sy lagi sakit, dan maunya makan yg sy pesan. Makanan smpe rmh dingin dan lama 😢",untuk grab food kenapa hrs ada order gabungan y hr ini ank sy lagi sakit dan maunya makan yg sy pesan makanan smpe rmh dingin dan lama sad,negative,grab_reviews.csv,3,,
61,easy for all,easy for all,positive,grab_reviews.csv,5,,
62,it's very bad ☹️ app,it is very bad frowning face app,negative,foodpanda_reviews.csv,1,,
63,Terrible customer service!!! The $3 Waiting Fee is too much!!! Horrible Money Grabbing Grab!!! Use GoJek better!!!,terrible customer service the 3 waiting fee is too much horrible money grabbing grab use gojek better,negative,grab_reviews.csv,1,,
64,Sering ngadat pas mau bales driver. Terus harga di store makanan sering salah. Bedanya jauh. Suruh update yang jual dong.,sering ngadat pas mau bales driver terus harga di store makanan sering salah bedanya jauh suruh update yang jual dong,neutral,grab_reviews.csv,3,,
65,Mewujudkan yang tak mungkin.,mewujudkan yang not NOT_mungkin,neutral,grab_reviews.csv,5,,
66,Kenapa setelah update aplikasi saya harus verifikasi dengan foto selfie atau menambahkan nomor kartu kredit/debit saya hanya untuk pemesanan??? Are you crazy??? I am your customer. Saya pakai produk anda & membayarnya langsung bukan ingin melakukan pinjaman atau sejenisnya yang membutuhkan verifikasi foto. Jangan berlebihan meminta hal terlalu pribadi ke pelanggan.,kenapa setelah update aplikasi saya harus verifikasi dengan foto selfie atau menambahkan nomor kartu kredit debit saya hanya untuk pemesanan are you crazy i am your customer saya pakai produk anda membayarnya langsung not NOT_ingin NOT_melakukan NOT_pinjaman NOT_atau sejenisnya yang membutuhkan verifikasi foto jangan berlebihan meminta hal terlalu pribadi ke pelanggan,negative,grab_reviews.csv,1,,
67,Lock down severely effects on services...updated version of app is also not working properly ..,lock down severely effects on services updated version of app is also broken properly,negative,foodpanda_reviews.csv,4,,
68,Its very helpful !!,its very helpful,positive,foodpanda_reviews.csv,4,,
69,kalau lagi dibutuhin kenapa kadang error?? but useless banget lah,kalau lagi dibutuhin kenapa kadang error but useless banget CONTRAST_FOCUS useless banget CONTRAST_FOCUS useless banget,negative,grab_reviews.csv,4,,
70,I just want to say ‘LANT LANT LANT´,i just wa not NOT_to NOT_say NOT_la not NOT_la not NOT_la not,neutral,foodpanda_reviews.csv,1,,
71,"Totally love it, but I never get to give ratings to shop and rider as soon as I received my order.",totally love it but i never NOT_get NOT_to NOT_give NOT_ratings to shop and rider as soon as i received my order CONTRAST_FOCUS i never NOT_get NOT_to NOT_give NOT_ratings to shop and rider as soon as i received my order CONTRAST_FOCUS i never NOT_get NOT_to NOT_give NOT_ratings to shop and rider as soon as i received my order,neutral,foodpanda_reviews.csv,5,,
72,Have downloaded it.. but couldnt find motor icon in it.. what should i do ?,have downloaded it but could not NOT_find NOT_motor NOT_icon NOT_in it what should i do CONTRAST_FOCUS could not NOT_find NOT_motor NOT_icon NOT_in it what should i do CONTRAST_FOCUS could not NOT_find NOT_motor NOT_icon NOT_in it what should i do,neutral,grab_reviews.csv,1,,
73,"I love food❤️ Thanks FP for this apps,love it",i love food love thanks fp for this apps love it,positive,foodpanda_reviews.csv,5,,
74,make it easyer to anybody,make it easyer to anybody,neutral,grab_reviews.csv,5,,
75,My app doesn't have food for deliver,my app does not NOT_have NOT_food NOT_for NOT_deliver,neutral,grab_reviews.csv,1,,
76,"No issue with the service so far, great app, Thank you Mobile dev team ❤️ 10/10",acceptable good with the service so far great app thank you mobile dev team love 10 10,positive,grab_reviews.csv,5,,
77,Your one employee is disturbing me after delivery.This is not acceptable behaviour .,your one employee is disturbing me after delivery this is not NOT_acceptable NOT_behaviour,negative,foodpanda_reviews.csv,5,,
78,difficult to download...,difficult to download,negative,grab_reviews.csv,1,,
79,My order is late every time Not good experience,my order is late every time bad experience,negative,foodpanda_reviews.csv,1,,
80,Satisfied customer here...we always use grab,satisfied customer here we always use grab,positive,grab_reviews.csv,5,,
81,"Dapet driver selalu yg jauh mulu bisa 10-15mnt, padahal ada driver sekitar lebih deket blm dapet order, ngaco bgt nyariim drivernya",dapet driver selalu yg jauh mulu bisa 10 15 m not padahal ada driver sekitar lebih deket blm dapet order ngaco bgt nyariim drivernya,neutral,grab_reviews.csv,2,,
82,i can't find someone's house,i cannot NOT_find NOT_someone's NOT_house,neutral,grab_reviews.csv,4,,
83,Very very bad exp,very very bad exp,negative,foodpanda_reviews.csv,1,,
84,We want UBER back !,we wa not NOT_uber NOT_back,neutral,grab_reviews.csv,1,,
85,already use high location services but still not working,already use high location services but still broken CONTRAST_FOCUS still broken CONTRAST_FOCUS still broken,negative,grab_reviews.csv,1,,
86,Why they don't show the prices??,why they do not NOT_show NOT_the NOT_prices,neutral,grab_reviews.csv,2,,
87,Can't find the location on the map,cannot NOT_find NOT_the NOT_location NOT_on the map,neutral,foodpanda_reviews.csv,2,,
88,Bad apps and service. Before this i have no trouble at getting a car. But after the system changed i'd always have to wait like forever to get a car for a mere distance! Not to mention you all are quick at increasing the rate for mere distance (rm20 for <5km?!) but so slow at getting the car. Apps always lagging. I had to reopen the apps countless of times due to lag. I sometimes had to wait for 2 hours although there's potential driver nearby (according to map).,bad apps and service before this i have no NOT_trouble NOT_at NOT_getting NOT_a car but after the system changed i'd always have to wait like forever to get a car for a mere distance not NOT_to NOT_mention NOT_you NOT_all are quick at increasing the rate for mere distance rm 20 for 5 km but so slow at getting the car apps always lagging i had to reopen the apps countless of times due to lag i sometimes had to wait for 2 hours although there's potential driver nearby according to map CONTRAST_FOCUS so slow at getting the car apps always lagging i had to reopen the apps countless of times due to lag i sometimes had to wait for 2 hours although there's potential driver nearby according to map CONTRAST_FOCUS so slow at getting the car apps always lagging i had to reopen the apps countless of times due to lag i sometimes had to wait for 2 hours although there's potential driver nearby according to map,negative,grab_reviews.csv,1,,
89,"I dnt like this, berat, teruk",i d not NOT_like NOT_this berat terrible,negative,grab_reviews.csv,1,,
90,I tried to order then the app said that it will send a verification code. I encoded the verification code and it is always incorrect. This happened about 10 times and I got tired of trying to order from you.,i tried to order then the app said that it will send a verification code i encoded the verification code and it is always incorrect this happened about 10 times and i got tired of trying to order from you,negative,foodpanda_reviews.csv,1,,
91,Promo dan event yang diluncurkan sangat menarik dan mudah untuk digunakan sehari hari,promo dan eve not NOT_yang NOT_diluncurkan NOT_sangat NOT_menarik dan mudah untuk digunakan sehari hari,neutral,grab_reviews.csv,5,,
92,great. but still lacking drivers during peak times,great but still lacking drivers during peak times CONTRAST_FOCUS still lacking drivers during peak times CONTRAST_FOCUS still lacking drivers during peak times,neutral,grab_reviews.csv,5,,
93,The rider cancelled my order after waiting for it for 20 mins!!!. And they gave me 85 pesos voucher to compensate??????. Really???? 👎👎👎👎,the rider cancelled my order after waiting for it for 20 mins and they gave me 85 pesos voucher to compensate really bad bad bad bad,negative,foodpanda_reviews.csv,1,,
94,Easy to use and works awesome with best order tracking live....,easy to use and works awesome with excellent order tracking live,positive,foodpanda_reviews.csv,5,,
95,"Worst customer service. Had to wait 2 hours for delivery and when cancelled, refund takes forever.",worst customer service had to wait 2 hours for delivery and when cancelled refund takes forever,negative,foodpanda_reviews.csv,1,,
96,i have done payment for my order and it suddenly pop out order cancelled.. it is quite scary.,i have done payme not NOT_for NOT_my NOT_order NOT_and it suddenly pop out order cancelled it is quite scary,negative,foodpanda_reviews.csv,3,,
97,Faltoo bkash a payment ney na,faltoo bkash a payme not NOT_ney NOT_na,neutral,foodpanda_reviews.csv,1,,
98,Where can I see your ride estimator?,where can i see your ride estimator,neutral,grab_reviews.csv,5,,
99,"Relaxed, smooth driver.",relaxed smooth driver,positive,grab_reviews.csv,5,,
100,Bad user interface. Specifically in entering date.,bad user interface specifically in entering date,negative,grab_reviews.csv,1,,
101,TRASH! SPECIALLY THE CHAT SUPPORT!,trash specially the chat support,positive,foodpanda_reviews.csv,1,,
102,Worst app. This is the worst example of customer service.,worst app this is the worst example of customer service,negative,foodpanda_reviews.csv,1,,
103,***** Very very poor app and very poor developer ***** who made and maintaining this app. He doesn't know that there should b a section of special instructions in placing order for the restaurant.,very very poor app and very poor developer who made and maintaining this app he does not NOT_know NOT_that NOT_there NOT_should b a section of special instructions in placing order for the restaura not,negative,foodpanda_reviews.csv,1,,
104,Why are you taking forever to verify my ID?,why are you taking forever to verify my id,neutral,grab_reviews.csv,1,,
105,Reliable and good drivers,reliable and good drivers,positive,grab_reviews.csv,5,,
106,The best food delivery app. THANKS.,the excellent food delivery app thanks,positive,foodpanda_reviews.csv,5,,
107,Food panda farud company,food panda farud company,neutral,foodpanda_reviews.csv,1,,
108,Panget kompanya niyo nangiiwan kayo sa ere iniiwan nyo ung rider niyo sana ma bankrupt kayo 😡😡😡,panget kompanya niyo nangiiwan kayo sa ere iniiwan nyo ung rider niyo sana ma bankrupt kayo angry angry angry,negative,foodpanda_reviews.csv,1,,
109,Asyik berupdate penuhkan storage tp sama je,asyik berupdate penuhkan storage tp sama je,neutral,grab_reviews.csv,1,,
110,become more worst conpare than last year price so dammm expensive,become more worst conpare than last year price so dam expensive,negative,grab_reviews.csv,1,,
111,Sudah mulai ada peningkatan dalam hal promo & discount. Pertahankan!!,sudah mulai ada peningkatan dalam hal promo discou not pertahankan,neutral,grab_reviews.csv,4,,
112,"The app has a great price with a great timing, really helpful for a person who have a commuter like me",the app has a great price with a great timing really helpful for a person who have a commuter like me,positive,grab_reviews.csv,5,,
113,"Totally pathetic service, they don't care about your time, even they don't need business. If you have 2 hours so you can place your order.",totally pathetic service they do not NOT_care NOT_about NOT_your NOT_time even they do not NOT_need NOT_business if you have 2 hours so you can place your order,negative,foodpanda_reviews.csv,1,,
114,Great App. Convenient ordering food.,great app convenie not NOT_ordering NOT_food,positive,foodpanda_reviews.csv,5,,
115,Love the app... Issues were solved with some rewards also.,love the app issues were solved with some rewards also,positive,foodpanda_reviews.csv,5,,
116,"TOLONG SEBESAR""NYA DIUBAH LG SISTEM KLIAN TERKAIT PEMBATALAN 3 KALI DIKARENAKAN DRIVER YG TIDAK MAU AMBIL PESANAN DAN TERKENA KE CUSTOMER SEHINGGA CUSTOMER TIDAK BISA MENGORDER LAGI ATAU HARUS MENUNGGU BESOK. SAYA MOHON SANGAT UNTUK PERHATIAN DARI GRAB KRN SISTEM KLIAN ITU SANGAT MERUGIKAN KAMI",tolong sebesar nya diubah lg sistem klian terkait pembatalan 3 kali dikarenakan driver yg not NOT_mau NOT_ambil NOT_pesanan NOT_dan terkena ke customer sehingga customer not NOT_bisa NOT_mengorder NOT_lagi NOT_atau harus menunggu besok saya mohon sangat untuk perhatian dari grab krn sistem klian itu sangat merugikan kami,neutral,grab_reviews.csv,1,,
117,แอปที่ไม่สามารถลบบัญชีได้ เพื่อหลอกตัวเองและคนอื่นๆ ว่ายังมีลูกค้าเยอะ ที่จริงควรจะโดนถอดออกจาก store ด้วยซ้ำเพราะน่าจะผิดกฏเรื่องการเก็บรักษาข้อมูลลูกค้า ดีนะ pdpa เลื่อนไม่งั้นโดนฟ้องแน่ๆ,store pdpa,neutral,foodpanda_reviews.csv,1,,
118,Super fast delivery ❤️,super fast delivery love,positive,foodpanda_reviews.csv,5,,
119,Punklich,punklich,neutral,grab_reviews.csv,5,,
120,Best app always respond. Customer service is excellent,excellent app always respond customer service is excellent not,positive,foodpanda_reviews.csv,5,,
121,I am unhappy with food which I oder as pizza was late due to wrong delivered then later on again came but it was cold and was not good very bad quality of food I am removing the app from my mobile and will tell other people also to remove this app ...... wast of money don't buy anything from foodpanda,i am unhappy with food which i oder as pizza was late due to wrong delivered then later on again came but it was cold and was bad very bad quality of food i am removing the app from my mobile and will tell other people also to remove this app wast of money do not NOT_buy NOT_anything NOT_from NOT_foodpanda CONTRAST_FOCUS it was cold and was bad very bad quality of food i am removing the app from my mobile and will tell other people also to remove this app wast of money do not NOT_buy NOT_anything NOT_from NOT_foodpanda CONTRAST_FOCUS it was cold and was bad very bad quality of food i am removing the app from my mobile and will tell other people also to remove this app wast of money do not NOT_buy NOT_anything NOT_from NOT_foodpanda,negative,foodpanda_reviews.csv,1,,
122,Pharmaceutical,pharmaceutical,neutral,grab_reviews.csv,4,,
123,Why cannot booking grabcar,why cannot NOT_booking NOT_grabcar,neutral,grab_reviews.csv,5,,
124,Exclint app,excli not NOT_app,neutral,foodpanda_reviews.csv,5,,
125,now the system take a longer way to double the fare.,now the system take a longer way to double the fare,neutral,grab_reviews.csv,1,,
126,Nice experiences with grab so far 😊 keep up the good work!,nice experiences with grab so far smiling face with smiling eyes keep up the good work,positive,grab_reviews.csv,5,,
127,"My food order was completed without me receiving it and my grab wallet has been charged. The food was expensive and the support took too long to respond, there's no option to call and it sucks!",my food order was completed without me receiving it and my grab wallet has been charged the food was expensive and the support took too long to respond there's no NOT_option NOT_to NOT_call NOT_and it sucks,negative,grab_reviews.csv,1,,
128,Convenient to order delivery food. The apps updated.,convenie not NOT_to NOT_order NOT_delivery NOT_food the apps updated,neutral,foodpanda_reviews.csv,5,,
129,Dis app does not let me give review anymore. How am i suppose to give comment on the food or whatsoever,dis app does not NOT_let NOT_me NOT_give NOT_review anymore how am i suppose to give comme not NOT_on NOT_the NOT_food NOT_or whatsoever,neutral,foodpanda_reviews.csv,4,,
130,Faced same issues with Swiggy of the unavailability of certain items but unlike them these guys took an effort to actually retain a loyal customer. Kudos!!,faced same issues with swiggy of the unavailability of certain items but unlike them these guys took an effort to actually retain a loyal customer kudos CONTRAST_FOCUS unlike them these guys took an effort to actually retain a loyal customer kudos CONTRAST_FOCUS unlike them these guys took an effort to actually retain a loyal customer kudos,positive,foodpanda_reviews.csv,4,,
131,Foodpanda: food & g... Rate this app,foodpanda food g rate this app,neutral,foodpanda_reviews.csv,5,,
132,Timp de asteptare foarte mare,timp de asteptare foarte mare,neutral,foodpanda_reviews.csv,1,,
133,cant use the gcash method !,ca not NOT_use NOT_the NOT_gcash NOT_method,neutral,foodpanda_reviews.csv,1,,
134,"Probably the worst customer experience and in some cases customer service. Have a terrible way to update you if your order is not going to be fulfilled and this problem has been for the past three years and nothing has been done about it. In case your order is not going to make it, the app keeps showing you that your order is going to be processed but the wait time keeps increasing. Unless the user personally follows up, the status remains that way. Once you follow up, then you get a response",probably the worst customer experience and in some cases customer service have a terrible way to update you if your order is not NOT_going NOT_to NOT_be NOT_fulfilled and this problem has been for the past three years and nothing has been done about it in case your order is not NOT_going NOT_to NOT_make NOT_it the app keeps showing you that your order is going to be processed but the wait time keeps increasing unless the user personally follows up the status remains that way once you follow up then you get a response CONTRAST_FOCUS the wait time keeps increasing unless the user personally follows up the status remains that way once you follow up then you get a response CONTRAST_FOCUS the wait time keeps increasing unless the user personally follows up the status remains that way once you follow up then you get a response,neutral,foodpanda_reviews.csv,1,,
135,keep it up ur good work,keep it up ur good work,positive,grab_reviews.csv,5,,
136,"good, worked flawlessly everytime i make an order.",good worked flawlessly everytime i make an order,positive,foodpanda_reviews.csv,5,,
137,ga jelas semua driver nya. ga pernah d training apa? pelayanan ny makin aneh2 aja,ga jelas semua driver nya ga pernah d training apa pelayanan ny makin aneh 2 aja,neutral,grab_reviews.csv,1,,
138,เป็น app ที่ไม่มีความเป็นคน รับใช้ dictator,app dictator,neutral,foodpanda_reviews.csv,1,,
139,Recently update which I couldn't even access the app,recently update which i could not NOT_even NOT_access NOT_the NOT_app,neutral,grab_reviews.csv,2,,
140,40 mint time dy kr 120-150 mint k baad order milta hi. bihat hi ziyada time waste hota hi.kaash k negative mai b review hota to mai whi deta,40 mi not NOT_time NOT_dy NOT_kr NOT_120 150 mi not NOT_k NOT_baad NOT_order NOT_milta hi bihat hi ziyada time waste hota hi kaash k negative mai b review hota to mai whi deta,negative,foodpanda_reviews.csv,1,,
141,Chatting with driver become sms??,chatting with driver become sms,neutral,grab_reviews.csv,1,,
142,Laging maintenance amp,laging maintenance amp,neutral,grab_reviews.csv,1,,
143,"should add notes area, in case we want to write additonal instructions to the vendor.",should add notes area in case we wa not NOT_to NOT_write NOT_additonal NOT_instructions to the vendor,neutral,foodpanda_reviews.csv,5,,
144,Selalu dapat driver jauh. Sangat gak bisa diandalkan utk ngejar waktu,selalu dapat driver jauh sangat gak bisa diandalkan utk ngejar waktu,neutral,grab_reviews.csv,2,,
145,Fun grabbing it this app. Thanks for the rides. Everywhere in Asia we travel we grab.,fun grabbing it this app thanks for the rides everywhere in asia we travel we grab,positive,grab_reviews.csv,5,,
146,Great app 5 🌟,great app 5 glowing star,positive,foodpanda_reviews.csv,5,,
147,we will see,we will see,neutral,foodpanda_reviews.csv,1,,
148,"evrytime i purchase rm3 off and no one accept my ride ,so im waste my point alot",evrytime i purchase rm 3 off and no NOT_one NOT_accept NOT_my NOT_ride so im waste my poi not NOT_alot,negative,grab_reviews.csv,1,,
149,Dependable but price need lesser. Very bad service... Very less options given. Want to cancel order seconds after accidentally placing order and the food also haven't been prepared grab dont allow. Dont give instructions correctly also... Extremely disappointed and frustrating. First time grab app was good but after this app keep adding nonsense stuff plus customer service also extremely terrible,dependable but price need lesser very bad service very less options given wa not NOT_to NOT_cancel NOT_order NOT_seconds after accidentally placing order and the food also have not NOT_been NOT_prepared NOT_grab NOT_do not NOT_allow do not NOT_give NOT_instructions NOT_correctly NOT_also extremely disappointed and frustrating first time grab app was good but after this app keep adding nonsense stuff plus customer service also extremely terrible CONTRAST_FOCUS after this app keep adding nonsense stuff plus customer service also extremely terrible CONTRAST_FOCUS after this app keep adding nonsense stuff plus customer service also extremely terrible,negative,grab_reviews.csv,1,,
150,"Stupid app. I cant verify my account, despite did as them instruction.",stupid app i ca not NOT_verify NOT_my NOT_accou not despite did as them instruction,negative,grab_reviews.csv,1,,
151,"Really good apps, easy to use",really good apps easy to use,positive,grab_reviews.csv,5,,
152,Palaging update ng update.,palaging update ng update,neutral,foodpanda_reviews.csv,2,,
153,Nice app for food,nice app for food,positive,foodpanda_reviews.csv,5,,
154,"Asik kena upate je, hmmmmmmmmmmmmmm",asik kena upate je hm,neutral,foodpanda_reviews.csv,3,,
155,Better response time each booking compared to GoJek,better response time each booking compared to gojek,positive,grab_reviews.csv,4,,
156,Very very useful & helpful app.,very very useful helpful app,positive,foodpanda_reviews.csv,5,,
157,Very good app liked it so much but if u have some more offers that will be great :),very good app liked it so much but if u have some more offers that will be great CONTRAST_FOCUS if u have some more offers that will be great CONTRAST_FOCUS if u have some more offers that will be great,positive,foodpanda_reviews.csv,4,,
158,"LOL @ ""superapp"". Maybe Grab's share price wouldn't be in freefall if they managed to design their app in a more sane manner? I tried to warn them of their driver's lack of professionalism but was made to answer a series of multiple choice questions and select options that simply were not applicable. Perhaps it is no surprise that the company is doing so badly given that they are trying to filter away problems they have to deal with by pretending they don't exist! Avoid. Find another option.",lol superapp maybe grab's share price would not NOT_be NOT_in NOT_freefall NOT_if they managed to design their app in a more sane manner i tried to warn them of their driver's lack of professionalism but was made to answer a series of multiple choice questions and select options that simply were not NOT_applicable perhaps it is no NOT_surprise NOT_that NOT_the NOT_company is doing so badly given that they are trying to filter away problems they have to deal with by pretending they do not NOT_exist avoid find another option CONTRAST_FOCUS was made to answer a series of multiple choice questions and select options that simply were not NOT_applicable perhaps it is no NOT_surprise NOT_that NOT_the NOT_company is doing so badly given that they are trying to filter away problems they have to deal with by pretending they do not NOT_exist avoid find another option CONTRAST_FOCUS was made to answer a series of multiple choice questions and select options that simply were not NOT_applicable perhaps it is no NOT_surprise NOT_that NOT_the NOT_company is doing so badly given that they are trying to filter away problems they have to deal with by pretending they do not NOT_exist avoid find another option,negative,grab_reviews.csv,1,,
159,Crashed without any reason,crashed without any reason,neutral,foodpanda_reviews.csv,1,,
160,bad service to staff...,bad service to staff,negative,foodpanda_reviews.csv,5,,
161,Very good app and nice offers too which are generally not available regularly.,very good app and nice offers too which are generally not NOT_available NOT_regularly,positive,foodpanda_reviews.csv,4,,
162,Want group order,wa not NOT_group NOT_order,neutral,foodpanda_reviews.csv,4,,
163,Bad services..now u cant cancel the oder .tq,bad services now u ca not NOT_cancel NOT_the NOT_oder tq,negative,foodpanda_reviews.csv,1,,
164,Promos never work. Restaurants that don't want to participate in their promos just set to closed so you can't even order with the broken promo anyway. App has been useless for 3 weeks now. Customer service is so useless they might as well close that department and save the money.,promos never NOT_work restaurants that do not NOT_wa not NOT_to NOT_participate NOT_in NOT_their promos just set to closed so you cannot NOT_even NOT_order NOT_with NOT_the broken promo anyway app has been useless for 3 weeks now customer service is so useless they might as well close that departme not NOT_and NOT_save NOT_the NOT_money,negative,foodpanda_reviews.csv,1,,
165,These app sucks. Every time i order there's always a problem with my meal. My drinks will be spilled or is not even there. Its just a distasteful experience overall.,these app sucks every time i order there's always a problem with my meal my drinks will be spilled or is not NOT_even NOT_there its just a distasteful experience overall,negative,foodpanda_reviews.csv,1,,
166,Md Selim Mnn,md selim mnn,neutral,foodpanda_reviews.csv,5,,
167,Best App i think,excellent app i think,positive,foodpanda_reviews.csv,5,,
168,the best apps for life ever,the excellent apps for life ever,positive,grab_reviews.csv,5,,
169,User friendly not only in our country but also in neighbouring countries,user friendly not NOT_only NOT_in NOT_our NOT_country but also in neighbouring countries CONTRAST_FOCUS also in neighbouring countries CONTRAST_FOCUS also in neighbouring countries,neutral,grab_reviews.csv,5,,
170,I got the wrong order. I ordered big size ice blended of coffee from Gloria jeans and the coffee I got was regular hot coffee from other coffee shop.. I paid double for the coffee that I can't even drink. This is not first time I got the wrong order. So please look into this matter.,i got the wrong order i ordered big size ice blended of coffee from gloria jeans and the coffee i got was regular hot coffee from other coffee shop i paid double for the coffee that i cannot NOT_even NOT_drink this is not NOT_first NOT_time NOT_i NOT_got the wrong order so please look into this matter,negative,foodpanda_reviews.csv,1,,
171,"Reliable, but customer service isnt the best",reliable but customer service is somewhat disappointing CONTRAST_FOCUS customer service is somewhat disappointing CONTRAST_FOCUS customer service is somewhat disappointing,negative,foodpanda_reviews.csv,5,,
172,Good app to use,good app to use,positive,grab_reviews.csv,5,,
173,Great :-),great,positive,grab_reviews.csv,5,,
174,"The worst app. There always no drivers, or they're asking to cancel, overcharging, and for some reason it's not allowing me to book as i have an ""existing fare"" even though I don't have any. Bring back Uber. Grab is so unreliable.",the worst app there always no NOT_drivers or they're asking to cancel overcharging and for some reason it is not NOT_allowing NOT_me NOT_to NOT_book as i have an existing fare even though i do not NOT_have NOT_any bring back uber grab is so unreliable,negative,grab_reviews.csv,1,,
175,"It was good a few months or years ago but now its gonna working bad, so expensive I am going to uninstall it.",it was good a few months or years ago but now its gonna working bad so expensive i am going to uninstall it CONTRAST_FOCUS now its gonna working bad so expensive i am going to uninstall it CONTRAST_FOCUS now its gonna working bad so expensive i am going to uninstall it,negative,grab_reviews.csv,1,,
176,Its really easy if you dont have a car or any transportation.its really helpful when the time you need it the most,its really easy if you do not NOT_have NOT_a NOT_car NOT_or any transportation its really helpful when the time you need it the most,positive,grab_reviews.csv,5,,
177,Makin di update makin lemot !!! Buka chat saja tidak bisa,makin di update makin lemot buka chat saja not NOT_bisa,neutral,grab_reviews.csv,1,,
178,Its the worst app,its the worst app,negative,foodpanda_reviews.csv,5,,
179,Best app & best food delivery service,excellent app excellent food delivery service,positive,foodpanda_reviews.csv,5,,
180,This app doesn't provide cash on delivery...,this app does not NOT_provide NOT_cash NOT_on NOT_delivery,neutral,foodpanda_reviews.csv,1,,
181,Kapag tamad magluto 😅 takot pumunta ng palengke laging maaasahan ang Grab 😁👌👍,kapag tamad magluto grinning face with sweat takot pumunta ng palengke laging masahan ang grab beaming face with smiling eyes ok hand good,positive,grab_reviews.csv,5,,
182,My order keep missing the food in it. Plus after complaining there is no action or solution. Low service. It do give more discounts and free delivery compare to others but the service is suck. I order around 10+ times and it missing food 3 times already,my order keep missing the food in it plus after complaining there is no NOT_action NOT_or NOT_solution low service it do give more discounts and free delivery compare to others but the service is suck i order around 10 times and it missing food 3 times already CONTRAST_FOCUS the service is suck i order around 10 times and it missing food 3 times already CONTRAST_FOCUS the service is suck i order around 10 times and it missing food 3 times already,negative,foodpanda_reviews.csv,1,,
183,Its very usefull appp this ia very best appp thankyou for made appp,its very usefull ap this ia very excellent ap thankyou for made ap,positive,foodpanda_reviews.csv,5,,
184,I live in Johor Bahru but there is no option to pick that city. Fix it please. This actually seems like a very good app,i live in johor bahru but there is no NOT_option NOT_to NOT_pick NOT_that city fix it please this actually seems like a very good app CONTRAST_FOCUS there is no NOT_option NOT_to NOT_pick NOT_that city fix it please this actually seems like a very good app CONTRAST_FOCUS there is no NOT_option NOT_to NOT_pick NOT_that city fix it please this actually seems like a very good app,positive,foodpanda_reviews.csv,2,,
185,rasanya enak...mantafff...,rasanya enak mantaf,neutral,grab_reviews.csv,5,,
186,"Aways a great experience with Grab. Just wish we could also give tips to grab delivery riders - even for this time when we are in lockdown, because they are also Frontliners!",aways a great experience with grab just wish we could also give tips to grab delivery riders even for this time when we are in lockdown because they are also frontliners,positive,grab_reviews.csv,5,,
187,The app affords me convenience and discounts. I mean it could do better but it has been serving me well so 💁🏻‍♀️,the app affords me convenience and discounts i mean it could do better but it has been serving me well so woman tipping hand light skin tone CONTRAST_FOCUS it has been serving me well so woman tipping hand light skin tone CONTRAST_FOCUS it has been serving me well so woman tipping hand light skin tone,positive,foodpanda_reviews.csv,5,,
188,"tidak bisa mengganti kode promo, biasanya ada tombol ""use later""",not NOT_bisa NOT_mengganti NOT_kode NOT_promo biasanya ada tombol use later,neutral,grab_reviews.csv,2,,
189,Looters you are just doing fraud in the name of service 0 food quality and less quantity,looters you are just doing fraud in the name of service 0 food quality and less quantity,negative,foodpanda_reviews.csv,1,,
190,"Really bad service, you cant get any services",really bad service you ca not NOT_get NOT_any NOT_services,negative,foodpanda_reviews.csv,1,,
191,foodpanda ta amader barir address seen korana tai amar kache ai app ta paltu😠😠😢😭 # onek baja so app kono kaji korana,foodpanda ta amader barir address seen korana tai amar kache ai app ta paltu angry angry sad very sad onek baja so app kono kaji korana,negative,foodpanda_reviews.csv,5,,
192,Pethatic aap,pethatic aap,neutral,foodpanda_reviews.csv,1,,
193,Great way to order food online though also depends upon the availability of good restaurants around!,great way to order food online though also depends upon the availability of good restaurants around,positive,foodpanda_reviews.csv,4,,
194,it will be more good if grab provide a motorcycle Grab .,it will be more good if grab provide a motorcycle grab,positive,grab_reviews.csv,3,,
195,Love that you can tip the riders. Thank you!,love that you can tip the riders thank you,positive,grab_reviews.csv,5,,
196,Heavy app usage and sometimes unstable,heavy app usage and sometimes unstable,negative,grab_reviews.csv,1,,
197,very good drive grab,very good drive grab,positive,grab_reviews.csv,5,,
198,nice app fast delivery good response easy to order,nice app fast delivery good response easy to order,positive,foodpanda_reviews.csv,5,,
199,"Not Good at anything. Drivers don't know the destination we select. Grab team decides by them selves upon the reason of cancelling the trip. Nobody from their drivers are polite in Philippines. People, I suggest you to choose better options than this greedy fraud.",bad at anything drivers do not NOT_know NOT_the NOT_destination NOT_we select grab team decides by them selves upon the reason of cancelling the trip nobody from their drivers are polite in philippines people i suggest you to choose better options than this greedy fraud,negative,grab_reviews.csv,1,,
200,wow cool post,wow cool post,positive,grab_reviews.csv,5,,
201,Bad Service and No Support 😠😡,bad service and no NOT_support NOT_angry NOT_angry,negative,foodpanda_reviews.csv,1,,
202,sangat bermanfaat utk menunjang aktivitas di jakarta yg macetosss alwaysss,sangat bermanfaat utk menunjang aktivitas di jakarta yg macetos always,neutral,grab_reviews.csv,5,,
203,The app is being worse. If you accidentally add something in your cart there is no option of deleting that entity from the cart. Why?,the app is being worse if you accidentally add something in your cart there is no NOT_option NOT_of NOT_deleting NOT_that entity from the cart why,negative,foodpanda_reviews.csv,1,,
204,Available in Less restaurant in Quetta. But not bad .,available in less restaura not NOT_in NOT_quetta but acceptable good CONTRAST_FOCUS acceptable good CONTRAST_FOCUS acceptable good,positive,foodpanda_reviews.csv,3,,
205,Good app but always need to update it,good app but always need to update it CONTRAST_FOCUS always need to update it CONTRAST_FOCUS always need to update it,neutral,foodpanda_reviews.csv,3,,
206,Awesome and very useful and seriously very transparent too!!!!,awesome and very useful and seriously very transpare not NOT_too,positive,grab_reviews.csv,5,,
207,Good job to all Food panda driver,good job to all food panda driver,positive,foodpanda_reviews.csv,5,,
208,Andalan terbaru buat bepergian dalam kota,andalan terbaru buat bepergian dalam kota,neutral,grab_reviews.csv,5,,
209,I can't even sign up what happen to this app I've just install and uninstall it but it doesn't work gosh I can't even get a code on mobile phone can't you just fix it,i cannot NOT_even NOT_sign NOT_up NOT_what happen to this app i've just install and uninstall it but it broken gosh i cannot NOT_even NOT_get NOT_a NOT_code on mobile phone cannot NOT_you NOT_just NOT_fix NOT_it CONTRAST_FOCUS it broken gosh i cannot NOT_even NOT_get NOT_a NOT_code on mobile phone cannot NOT_you NOT_just NOT_fix NOT_it CONTRAST_FOCUS it broken gosh i cannot NOT_even NOT_get NOT_a NOT_code on mobile phone cannot NOT_you NOT_just NOT_fix NOT_it,negative,grab_reviews.csv,1,,
210,"aplikasi lag,, pembayaran non tunainya terlalu ribet",aplikasi lag pembayaran non tunainya terlalu ribet,neutral,grab_reviews.csv,1,,
211,harga grab makin mahaiiiiiii,harga grab makin mahai,neutral,grab_reviews.csv,1,,
212,Nice UI design I love it 😘,nice ui design i love it face blowing a kiss,positive,foodpanda_reviews.csv,5,,
213,BAD MANAGEMENT!!!!,bad manageme not,negative,foodpanda_reviews.csv,1,,
214,Naglagay pa voucher na gsept60 kalokohan d rin magamit😡panda pro naLalaman me delivery charge padin 😡,naglagay pa voucher na gsept 60 kalokohan d rin magamit angry panda pro nalalaman me delivery charge padin angry,negative,foodpanda_reviews.csv,1,,
215,Really nice one!!!!,really nice one,positive,foodpanda_reviews.csv,5,,
216,Bad attitude driver,bad attitude driver,negative,grab_reviews.csv,1,,
217,Hi grab ! Just want to report your grab rider. He is very rude. His name is Salvador mamay Gregorio III . PINAG MUMURA NYA KO SA MISMONG STORE NAMIN. HE IS ASKING FOR OR FOR HIS CUSTOMER. I SAID WAIT PO KUYA UNAHIN KO MUNA YUNG GUEST PAPASUKIN SA LOOB ( NG RESTO) . DI PO AKO NAGTAGAL SA LOOB . IT TOOK ONLY 1 MINUTE. PAGLABAS KO WALA NA SYA . DI KO NAKUHA YUNG DETAILS NG PINAPA OR ( OFFICIAL RECEIPT)NYA . PAG BALIK NYA TO PICK UP HIS ORDER. NAGALIT NA SYA SAKEN KUNG ANO ANO PINAG SASABI AND MINUr,hi grab just wa not NOT_to NOT_report NOT_your NOT_grab rider he is very rude his name is salvador mamay gregorio i pinag mumura nya ko sa mismong store namin he is asking for or for his customer i said wait po kuya unahin ko muna yung guest papasukin sa loob ng resto di po ako nagtagal sa loob it took only 1 minute paglabas ko wala na sya di ko nakuha yung details ng pinapa or official receipt nya pag balik nya to pick up his order nagalit na sya saken kung ano ano pinag sasabi and minur,negative,grab_reviews.csv,1,,
218,Very good and can help to people who interested skills training.,very good and can help to people who interested skills training,positive,grab_reviews.csv,5,,
219,Gausa adain promo kalo gabisa dipake,gausa adain promo kalo gabisa dipake,neutral,grab_reviews.csv,2,,
220,"1. The new policy is so un-userfriendly. I want to order car with even plate number, but the odd number keep coming to my app. So i had to cancel it multiple times, then suddenly my app got banned and cant be used until 24hr later. The call center told me so. So what is the use of the reason if we have to take any car provided whether its odd or even? So lame 2. My food didnt delivered for two times in 3 months order. And I get to know it later (cos I delivered it to my family). The cust care i",1 the new policy is so un userfriendly i wa not NOT_to NOT_order NOT_car NOT_with even plate number but the odd number keep coming to my app so i had to cancel it multiple times then suddenly my app got banned and ca not NOT_be NOT_used NOT_until NOT_24 hr later the call center told me so so what is the use of the reason if we have to take any car provided whether its odd or even so lame 2 my food did not NOT_delivered NOT_for NOT_two NOT_times in 3 months order and i get to know it later cos i delivered it to my family the cust care i CONTRAST_FOCUS the odd number keep coming to my app so i had to cancel it multiple times then suddenly my app got banned and ca not NOT_be NOT_used NOT_until NOT_24 hr later the call center told me so so what is the use of the reason if we have to take any car provided whether its odd or even so lame 2 my food did not NOT_delivered NOT_for NOT_two NOT_times in 3 months order and i get to know it later cos i delivered it to my family the cust care i CONTRAST_FOCUS the odd number keep coming to my app so i had to cancel it multiple times then suddenly my app got banned and ca not NOT_be NOT_used NOT_until NOT_24 hr later the call center told me so so what is the use of the reason if we have to take any car provided whether its odd or even so lame 2 my food did not NOT_delivered NOT_for NOT_two NOT_times in 3 months order and i get to know it later cos i delivered it to my family the cust care i,negative,grab_reviews.csv,1,,
221,Feedback,feedback,neutral,grab_reviews.csv,5,,
222,better than texi,better than texi,positive,grab_reviews.csv,5,,
223,Good experience 🤠❤️,good experience cowboy hat face love,positive,foodpanda_reviews.csv,5,,
224,"rating yg saya sudah berikan, tidak muncul sama sekali. saya sudah coba submit berulang2 rating tetap kosong. saya sudah laporkan via email. dan sudah saya logout sampai uninstall. rating tetap kosong di history-nya. dan terkadang tidak bisa menggunakan promo voucher yg dikirim ke inbox. padahal belum pernah saya gunakan sama sekali.",rating yg saya sudah berikan not NOT_muncul NOT_sama NOT_sekali saya sudah coba submit berulang 2 rating tetap kosong saya sudah laporkan via email dan sudah saya logout sampai uninstall rating tetap kosong di history nya dan terkadang not NOT_bisa NOT_menggunakan NOT_promo NOT_voucher yg dikirim ke inbox padahal belum pernah saya gunakan sama sekali,neutral,grab_reviews.csv,3,,
225,"Why the hell your helpline is not working and you guys have quality issue and you guys are scammers, When i try to place and order i receive notification my ordrr is canceled and when i go to your helpline it kept saying thay you guys will reach back within 24 hours well tell me you guys don't care about our time, after all of this you guys are freakin freak.",why the hell your helpline is broken and you guys have quality issue and you guys are scammers when i try to place and order i receive notification my ordrr is canceled and when i go to your helpline it kept saying thay you guys will reach back within 24 hours well tell me you guys do not NOT_care NOT_about NOT_our NOT_time after all of this you guys are freakin freak,negative,foodpanda_reviews.csv,1,,
226,Fantastic with good driver,fantastic with good driver,positive,grab_reviews.csv,5,,
227,paket grab bike nya perbanyak,paket grab bike nya perbanyak,neutral,grab_reviews.csv,5,,
228,"I don't recommend this app at all.not safe for your money,the staff is not trained well.They don't even deserve one star.an awful app, scammers, trickster,froud.they are holding my money for no reason.grab app much better.",i do not NOT_recommend NOT_this NOT_app NOT_at all not NOT_safe NOT_for NOT_your NOT_money the staff is not NOT_trained NOT_well they do not NOT_even NOT_deserve NOT_one NOT_star an awful app scammers trickster froud they are holding my money for no NOT_reason grab app much better,negative,foodpanda_reviews.csv,1,,
229,"Download it to unlock theme on go sms, thanks a lot",download it to unlock theme on go sms thanks a lot,positive,foodpanda_reviews.csv,3,,
230,They always do their very best to provide service and deliver as fast as possible.. Great service,they always do their very excellent to provide service and deliver as fast as possible great service,positive,foodpanda_reviews.csv,5,,
231,One of their features which is grabfood is very terrible and bad.,one of their features which is grabfood is very terrible and bad,negative,grab_reviews.csv,2,,
232,Best app fot online food service,excellent app fot online food service,positive,foodpanda_reviews.csv,5,,
233,Great service 👍 :-),great service good,positive,foodpanda_reviews.csv,5,,
234,My favorite Apps from transpo to grocery and food delivery,my favorite apps from transpo to grocery and food delivery,positive,grab_reviews.csv,5,,
235,"The app is asking me to verify my account through email, I am clicked the send verification button for 40 times, but I never got the email. I can't use the app. 😑",the app is asking me to verify my accou not NOT_through NOT_email i am clicked the send verification button for 40 times but i never NOT_got NOT_the NOT_email i unusable the app expressionless face CONTRAST_FOCUS i never NOT_got NOT_the NOT_email i unusable the app expressionless face CONTRAST_FOCUS i never NOT_got NOT_the NOT_email i unusable the app expressionless face,neutral,grab_reviews.csv,2,,
236,"Really poor service, every time I order there is an issue with my order (Wrong item, late delivery, food arriving cold, etc.). Every time i complained to their ""chat"" they told me i would receive a voucher in the coming days. They never sent any. This app is a scam. Other apps on the market are way better.",really poor service every time i order there is an issue with my order wrong item late delivery food arriving cold etc every time i complained to their chat they told me i would receive a voucher in the coming days they never NOT_se not NOT_any this app is a scam other apps on the market are way better,negative,foodpanda_reviews.csv,1,,
237,Bad expirence in the 1st order. Ordered food at 9 20 Pm. Not delivered even after 1 and a half hours. No tracking information. Was supposed to get a call in 10 mins that did not happen either. Cnt get through the customer care,bad expirence in the 1 st order ordered food at 9 20 pm not NOT_delivered NOT_even NOT_after NOT_1 and a half hours no NOT_tracking NOT_information was supposed to get a call in 10 mins that did not NOT_happen NOT_either c not NOT_get NOT_through NOT_the NOT_customer care,negative,foodpanda_reviews.csv,1,,
238,"Terrible experience, like why do I have to wait for 5-7 days before I transfer my money to my account from this stupid pandapay. There staff is not supportive at all, they can't do anything to help you at all, I've experienced it multiple times. They are just a bunch of robbers. Not recommended please delete this application and make these people suffer for robbing innocent people like us.",terrible experience like why do i have to wait for 5 7 days before i transfer my money to my accou not NOT_from NOT_this NOT_stupid NOT_pandapay there staff is not NOT_supportive NOT_at NOT_all they cannot NOT_do NOT_anything NOT_to NOT_help you at all i've experienced it multiple times they are just a bunch of robbers not NOT_recommended NOT_please NOT_delete NOT_this application and make these people suffer for robbing innoce not NOT_people NOT_like NOT_us,negative,foodpanda_reviews.csv,1,,
239,Good app. Really makes ordering food easier,good app really makes ordering food easier,positive,foodpanda_reviews.csv,4,,
240,Really good 👍🏾,really good good medium dark skin tone,positive,foodpanda_reviews.csv,1,,
241,Very nice delivery app 👍👍,very nice delivery app good good,positive,foodpanda_reviews.csv,5,,
242,User friendly and offers many discount voucher,user friendly and offers many discou not NOT_voucher,positive,grab_reviews.csv,5,,
243,"Sangat susah nak guna ""search"", tak pernah jumpa, walaupn restoran tu mmg ada foodpanda",sangat susah nak guna search not NOT_pernah NOT_jumpa walaupn restoran tu mmg ada foodpanda,neutral,foodpanda_reviews.csv,1,,
244,Worst experience didn't get any reply from food panda and they gave me wrong order,worst experience did not NOT_get NOT_any NOT_reply NOT_from food panda and they gave me wrong order,negative,foodpanda_reviews.csv,1,,
245,Its too good app lve it,its too good app lve it,positive,foodpanda_reviews.csv,1,,
246,cant pay cant make an order cant but can take my money into grab wallet and cant even use it,ca not NOT_pay NOT_ca not NOT_make NOT_an NOT_order NOT_ca not but can take my money into grab wallet and ca not NOT_even NOT_use NOT_it CONTRAST_FOCUS can take my money into grab wallet and ca not NOT_even NOT_use NOT_it CONTRAST_FOCUS can take my money into grab wallet and ca not NOT_even NOT_use NOT_it,neutral,grab_reviews.csv,1,,
247,Can i make a order before iftari ???,can i make a order before iftari,neutral,foodpanda_reviews.csv,4,,
248,Nice job. Great job,nice job great job,positive,foodpanda_reviews.csv,4,,
249,Improve areas for more accuracy,improve areas for more accuracy,positive,grab_reviews.csv,5,,
250,"Pake selfie segala, wtf",pake selfie segala wtf,negative,grab_reviews.csv,1,,
251,App always says temporarily unavailable...,app always says temporarily unavailable,neutral,foodpanda_reviews.csv,5,,
252,A horrible experience with the app. Need good developers big time. Very poor integration with fb for signin,a horrible experience with the app need good developers big time very poor integration with fb for signin,negative,foodpanda_reviews.csv,1,,
253,Try...!!,try,neutral,grab_reviews.csv,5,,
254,Poor service it cancelled my order every time i use CASH ON DELIVERY GGRR!!!,poor service it cancelled my order every time i use cash on delivery ggrr,negative,foodpanda_reviews.csv,1,,
255,problema ko ay yong auto grammar sa chat mali-mali mga translate sa english pag ng chat ka sa driver,problema ko ay yong auto grammar sa chat mali mali mga translate sa english pag ng chat ka sa driver,neutral,foodpanda_reviews.csv,1,,
256,"Quite useful for travelling from one place to another. A lot cheaper than taxis. However, the app needs to upgrade its pinpoint features.",quite useful for travelling from one place to another a lot cheaper than taxis however the app needs to upgrade its pinpoi not NOT_features CONTRAST_FOCUS the app needs to upgrade its pinpoi not NOT_features CONTRAST_FOCUS the app needs to upgrade its pinpoi not NOT_features,neutral,grab_reviews.csv,4,,
257,বার বার আপডেট খুজে + এজেন্টের সাথে কথা বলা যায় না সহজে😡,angry,negative,foodpanda_reviews.csv,1,,
258,"This app is stupid, it took me almost 2 hours on verifying my comtact number and still I kept resending and resending the damn verification code. The F??",this app is stupid it took me almost 2 hours on verifying my comtact number and still i kept resending and resending the damn verification code the f,negative,foodpanda_reviews.csv,1,,
259,Finally added the option to have a list of favourites. Very good.,finally added the option to have a list of favourites very good,positive,foodpanda_reviews.csv,5,,
260,Bad teruk,bad terrible,negative,grab_reviews.csv,1,,
261,"Terrible apapplication, they have not complete map, missing adress there and even business shops. Try update your 5 year old map or use google map! Who can even use this app?",terrible apapplication they have not NOT_complete NOT_map missing adress there and even business shops try update your 5 year old map or use google map who can even use this app,negative,grab_reviews.csv,1,,
262,1 star rating for a shittt and greedy conpany,1 star rating for a shit and greedy conpany,negative,foodpanda_reviews.csv,1,,
263,Love this app❤❤❤ Very helpful 🌹🌹🌹,love this app love love love very helpful rose rose rose,positive,foodpanda_reviews.csv,5,,
264,Bery bad,bery bad,negative,foodpanda_reviews.csv,2,,
265,Poor response after one time verification code.,poor response after one time verification code,negative,foodpanda_reviews.csv,1,,
266,Need update for gcash payments voucher,need update for gcash payments voucher,neutral,foodpanda_reviews.csv,5,,
267,Most of the Restaurants are unavailable. Looks like Foodpanda can't cope up with the inflation.,most of the restaurants are unavailable looks like foodpanda cannot NOT_cope NOT_up NOT_with NOT_the inflation,positive,foodpanda_reviews.csv,1,,
268,Delivered wrong item and rotten fruits but foodpanda is not refunding,delivered wrong item and rotten fruits but foodpanda is not NOT_refunding CONTRAST_FOCUS foodpanda is not NOT_refunding CONTRAST_FOCUS foodpanda is not NOT_refunding,neutral,foodpanda_reviews.csv,1,,
269,That's cool!!!! It's amazing♥️ if I order it so it's 2 min coming to my house.. That's cool😊♥️,that is cool it is amazing heart suit if i order it so it is 2 min coming to my house that is cool smiling face with smiling eyes heart suit,positive,foodpanda_reviews.csv,5,,
270,wow. its nice,wow its nice,positive,grab_reviews.csv,5,,
271,Very Poor Service 👎👎,very poor service bad bad,negative,foodpanda_reviews.csv,1,,
272,The app has some problems ...not able to make online payments. Uninstalled and reinstalled the app. Still not working.,the app has some problems not NOT_able NOT_to NOT_make NOT_online payments uninstalled and reinstalled the app still broken,negative,foodpanda_reviews.csv,2,,
273,Doesnt feel 5star yet,does not NOT_feel NOT_5 NOT_star yet,neutral,grab_reviews.csv,4,,
274,BBC radio and,bbc radio and,neutral,foodpanda_reviews.csv,3,,
275,"very useful apps, easy",very useful apps easy,positive,grab_reviews.csv,5,,
276,dpt promo mulu asiik,dpt promo mulu asiik,neutral,grab_reviews.csv,5,,
277,"Saya dah login guna nombor telefon.Bila nak pesan,app suruh verify nombor telefon.Bila dah isi,app kata nombor dah daftar sila login.Sedangkan dah login pun.Harey.",saya dah login guna nombor telefon bila nak pesan app suruh verify nombor telefon bila dah isi app kata nombor dah daftar sila login sedangkan dah login harey,neutral,foodpanda_reviews.csv,1,,
278,I do set the correct location. When the order paid. Then the location address wrong. I seldom encounter this problem. I don't encourage to use this app.,i do set the correct location when the order paid then the location address wrong i seldom encounter this problem i do not NOT_encourage NOT_to NOT_use NOT_this app,negative,foodpanda_reviews.csv,1,,
279,Foodpanda is bad experience because my order cancel and do not meet refund,foodpanda is bad experience because my order cancel and do not NOT_meet NOT_refund,negative,foodpanda_reviews.csv,1,,
280,Lol good app,lol good app,positive,foodpanda_reviews.csv,4,,
281,warbyasah! 👍,warbyasah good,positive,grab_reviews.csv,5,,
282,Wala Cancel na kayo.. may bad scheme kayo sa pag remit ng mga partnered businesses nyo.,wala cancel na kayo may bad scheme kayo sa pag remit ng mga partnered businesses nyo,negative,foodpanda_reviews.csv,1,,
283,tolong tambah cawangan dkt area pasir putih kelantan,tolong tambah cawangan dkt area pasir putih kelantan,neutral,foodpanda_reviews.csv,4,,
284,delicious food try again inshallah,delicious food try again inshallah,positive,foodpanda_reviews.csv,5,,
285,"You guys should really have the free meals policy if delivery is 30 minutes late. I have encountered this so many times. Sometimes I get my food 40 mins later than the scheduled time. I understand that my food won't often be delivered on time, but this happens way too often with food panda. I suggest others to use DeliverEat service instead of Food Panda.",you guys should really have the free meals policy if delivery is 30 minutes late i have encountered this so many times sometimes i get my food 40 mins later than the scheduled time i understand that my food will not NOT_often NOT_be NOT_delivered NOT_on time but this happens way too often with food panda i suggest others to use delivereat service instead of food panda CONTRAST_FOCUS this happens way too often with food panda i suggest others to use delivereat service instead of food panda CONTRAST_FOCUS this happens way too often with food panda i suggest others to use delivereat service instead of food panda,neutral,foodpanda_reviews.csv,2,,
286,Easy🤗For My Trip🛣🚘,easy smiling face with open hands for my trip motorway oncoming automobile,positive,grab_reviews.csv,4,,
287,foodpanda babi,foodpanda babi,neutral,foodpanda_reviews.csv,1,,
288,Anggelin,anggelin,neutral,grab_reviews.csv,4,,
289,sudah kesekian kalinya saya gagal pake aplikasi ini.susah masuknya..,sudah kesekian kalinya saya gagal pake aplikasi ini susah masuknya,neutral,grab_reviews.csv,1,,
290,Such a bad service IN grab. I dont want to use App grab.. Very hard to use.. Such a ridiculous to take selfies about 15 minutes. Just uploaded pictures of passport u can verifying Security system face detector. I will uninstall App grab 😠😠😠😠,such a bad service in grab i do not NOT_wa not NOT_to NOT_use NOT_app NOT_grab very hard to use such a ridiculous to take selfies about 15 minutes just uploaded pictures of passport u can verifying security system face detector i will uninstall app grab angry angry angry angry,negative,grab_reviews.csv,1,,
291,Pros : Cheaper than Grab Food. Cons : Slow delivery & bad service,pros cheaper than grab food cons slow delivery bad service,negative,foodpanda_reviews.csv,1,,
292,"Helpful apps, affordable price ..nice!",helpful apps affordable price nice,positive,grab_reviews.csv,5,,
293,Habib.alam,habib alam,neutral,foodpanda_reviews.csv,3,,
294,Loved it. Kindly add more food joints though,loved it kindly add more food joints though,positive,foodpanda_reviews.csv,5,,
295,Can't even log in😠,cannot NOT_even NOT_log NOT_in NOT_angry,negative,grab_reviews.csv,1,,
296,Aaawwweesomee,aweesomee,neutral,foodpanda_reviews.csv,5,,
297,"Grab food sucks. Order for rm90 for foods. Order confirm yet there are no rider will send the order. When i click cancel order (due to prolonged time spent awaiting for a rider), the order cant be canceled. What the f.",grab food sucks order for rm 90 for foods order confirm yet there are no NOT_rider NOT_will NOT_send NOT_the order when i click cancel order due to prolonged time spe not NOT_awaiting NOT_for NOT_a NOT_rider the order ca not NOT_be NOT_canceled what the f CONTRAST_FOCUS there are no NOT_rider NOT_will NOT_send NOT_the order when i click cancel order due to prolonged time spe not NOT_awaiting NOT_for NOT_a NOT_rider the order ca not NOT_be NOT_canceled what the f CONTRAST_FOCUS there are no NOT_rider NOT_will NOT_send NOT_the order when i click cancel order due to prolonged time spe not NOT_awaiting NOT_for NOT_a NOT_rider the order ca not NOT_be NOT_canceled what the f,negative,grab_reviews.csv,1,,
298,Aaattt hai g,at hai g,neutral,foodpanda_reviews.csv,5,,
299,"I think the app is pretty good, just that when we are in current booking and if you switch to another interface, the current booking interface will jump out",i think the app is pretty good just that when we are in curre not NOT_booking NOT_and NOT_if NOT_you switch to another interface the curre not NOT_booking NOT_interface NOT_will NOT_jump out,positive,grab_reviews.csv,4,,
300,senang nk guna,senang nk guna,neutral,foodpanda_reviews.csv,5,,
